schedule,threads,chunk,time_ms,gflops,bw_gbs,ai
static,2,1,0.0874195,0.7491919,7.6000871,0.0985768
static,2,1,0.0863299,0.7586481,7.6960146,0.0985768
static,2,1,0.0852849,0.7679434,7.7903092,0.0985768
static,2,1,0.0870023,0.7527848,7.6365344,0.0985768
static,2,1,0.0867750,0.7547561,7.6565326,0.0985768
static,2,1,0.0861026,0.7606504,7.7163260,0.0985768
static,2,1,0.0863634,0.7583536,7.6930269,0.0985768
static,2,1,0.0866093,0.7562008,7.6711877,0.0985768
static,2,1,0.0860430,0.7611773,7.7216714,0.0985768
static,2,1,0.0866801,0.7555833,7.6649236,0.0985768
static,2,1,0.0859201,0.7622664,7.7327195,0.0985768
static,2,1,0.0869371,0.7533493,7.6422609,0.0985768
static,2,8,0.0787452,0.8317207,8.4372903,0.0985768
static,2,8,0.0865087,0.7570800,7.6801069,0.0985768
static,2,8,0.0801273,0.8173747,8.2917589,0.0985768
static,2,8,0.0797901,0.8208283,8.3267943,0.0985768
static,2,8,0.0797957,0.8207709,8.3262112,0.0985768
static,2,8,0.0796672,0.8220950,8.3396434,0.0985768
static,2,8,0.0797398,0.8213460,8.3320459,0.0985768
static,2,8,0.0799056,0.8196420,8.3147599,0.0985768
static,2,8,0.0798292,0.8204261,8.3227142,0.0985768
static,2,8,0.0796802,0.8219604,8.3382787,0.0985768
static,2,8,0.0845604,0.7745236,7.8570617,0.0985768
static,2,8,0.0797678,0.8210583,8.3291275,0.0985768
static,2,64,0.0757966,0.8640755,8.7655097,0.0985768
static,2,64,0.0754278,0.8683004,8.8083686,0.0985768
static,2,64,0.0755712,0.8666525,8.7916515,0.0985768
static,2,64,0.0753123,0.8696318,8.8218754,0.0985768
static,2,64,0.0926591,0.7068272,7.1703230,0.0985768
static,2,64,0.0776201,0.8437758,8.5595816,0.0985768
static,2,64,0.0776909,0.8430070,8.5517834,0.0985768
static,2,64,0.0775494,0.8445459,8.5673941,0.0985768
static,2,64,0.0775941,0.8440593,8.5624583,0.0985768
static,2,64,0.0775792,0.8442215,8.5641029,0.0985768
static,2,64,0.0776947,0.8429666,8.5513734,0.0985768
static,2,64,0.0776034,0.8439580,8.5614307,0.0985768
static,2,256,0.0791233,0.8277460,8.3969699,0.0985768
static,2,256,0.0816230,0.8023966,8.1398162,0.0985768
static,2,256,0.0815168,0.8034417,8.1504178,0.0985768
static,2,256,0.0813343,0.8052449,8.1687099,0.0985768
static,2,256,0.0813622,0.8049684,8.1659048,0.0985768
static,2,256,0.0815056,0.8035519,8.1515354,0.0985768
static,2,256,0.0814870,0.8037356,8.1533987,0.0985768
static,2,256,0.0813883,0.8047105,8.1632884,0.0985768
static,2,256,0.0814106,0.8044895,8.1610471,0.0985768
static,2,256,0.0814218,0.8043791,8.1599269,0.0985768
static,2,256,0.0815000,0.8036070,8.1520943,0.0985768
static,2,256,0.0812747,0.8058354,8.1747006,0.0985768
static,2,512,0.0730325,0.8967794,9.0972707,0.0985768
static,2,512,0.0777896,0.8419372,8.5409306,0.0985768
static,2,512,0.0774451,0.8456834,8.5789332,0.0985768
static,2,512,0.0772644,0.8476609,8.5989944,0.0985768
static,2,512,0.0809766,0.8088012,8.2047865,0.0985768
static,2,512,0.0773892,0.8462940,8.5851277,0.0985768
static,2,512,0.0772849,0.8474362,8.5967147,0.0985768
static,2,512,0.0773128,0.8471300,8.5936080,0.0985768
static,2,512,0.0772905,0.8473749,8.5960932,0.0985768
static,2,512,0.0773538,0.8466812,8.5890555,0.0985768
static,2,512,0.0772420,0.8479062,8.6014827,0.0985768
static,2,512,0.0772439,0.8478858,8.6012753,0.0985768
static,4,1,0.0502598,1.3031102,13.2192449,0.0985768
static,4,1,0.0471734,1.3883686,14.0841383,0.0985768
static,4,1,0.0498425,1.3140186,13.3299035,0.0985768
static,4,1,0.0519138,1.2615917,12.7980656,0.0985768
static,4,1,0.0470895,1.3908399,14.1092080,0.0985768
static,4,1,0.0472162,1.3871089,14.0713593,0.0985768
static,4,1,0.0469647,1.3945357,14.1466997,0.0985768
static,4,1,0.0471435,1.3892463,14.0930417,0.0985768
static,4,1,0.0471007,1.3905099,14.1058602,0.0985768
static,4,1,0.0472814,1.3851963,14.0519574,0.0985768
static,4,1,0.0479054,1.3671536,13.8689252,0.0985768
static,4,1,0.0476688,1.3739381,13.9377495,0.0985768
static,4,8,0.0431333,1.5184101,15.4033289,0.0985768
static,4,8,0.0480507,1.3630199,13.8269910,0.0985768
static,4,8,0.0421833,1.5526040,15.7502047,0.0985768
static,4,8,0.0429749,1.5240041,15.4600766,0.0985768
static,4,8,0.0418387,1.5653915,15.8799255,0.0985768
static,4,8,0.0426918,1.5341110,15.5626041,0.0985768
static,4,8,0.0418760,1.5639989,15.8657987,0.0985768
static,4,8,0.0426471,1.5357191,15.5789171,0.0985768
static,4,8,0.0426713,1.5348476,15.5700767,0.0985768
static,4,8,0.0418331,1.5656006,15.8820467,0.0985768
static,4,8,0.0422187,1.5513025,15.7370020,0.0985768
static,4,8,0.0422467,1.5502766,15.7265943,0.0985768
static,4,64,0.0434946,1.5057952,15.2753581,0.0985768
static,4,64,0.0429843,1.5236739,15.4567269,0.0985768
static,4,64,0.0427179,1.5331745,15.5531040,0.0985768
static,4,64,0.0506286,1.2936177,13.1229494,0.0985768
static,4,64,0.0426620,1.5351827,15.5734757,0.0985768
static,4,64,0.0425074,1.5407661,15.6301164,0.0985768
static,4,64,0.0428259,1.5293069,15.5138695,0.0985768
static,4,64,0.0431594,1.5174927,15.3940221,0.0985768
static,4,64,0.0430103,1.5227501,15.4473555,0.0985768
static,4,64,0.0429749,1.5240041,15.4600766,0.0985768
static,4,64,0.0427887,1.5306383,15.5273762,0.0985768
static,4,64,0.0425689,1.5385413,15.6075473,0.0985768
static,4,256,0.0483170,1.3555059,13.7507666,0.0985768
static,4,256,0.0474881,1.3791655,13.9907781,0.0985768
static,4,256,0.0471678,1.3885331,14.0858068,0.0985768
static,4,256,0.0473056,1.3844873,14.0447646,0.0985768
static,4,256,0.0472013,1.3875468,14.0758015,0.0985768
static,4,256,0.0471584,1.3888073,14.0885886,0.0985768
static,4,256,0.0471752,1.3883138,14.0835822,0.0985768
static,4,256,0.0471193,1.3899602,14.1002841,0.0985768
static,4,256,0.0470020,1.3934304,14.1354873,0.0985768
static,4,256,0.0469703,1.3943698,14.1450167,0.0985768
static,4,256,0.0470225,1.3928233,14.1293280,0.0985768
static,4,256,0.0504460,1.2982987,13.1704348,0.0985768
static,4,512,0.0720229,0.9093497,9.2247882,0.0985768
static,4,512,0.0707135,0.9261886,9.3956086,0.0985768
static,4,512,0.0700951,0.9343597,9.4784993,0.0985768
static,4,512,0.0778493,0.8412926,8.5343913,0.0985768
static,4,512,0.0709556,0.9230279,9.3635451,0.0985768
static,4,512,0.0707190,0.9261154,9.3948662,0.0985768
static,4,512,0.0708103,0.9249217,9.3827569,0.0985768
static,4,512,0.0702161,0.9327486,9.4621558,0.0985768
static,4,512,0.0699777,0.9359265,9.4943940,0.0985768
static,4,512,0.0709798,0.9227130,9.3603508,0.0985768
static,4,512,0.0701454,0.9336898,9.4717036,0.0985768
static,4,512,0.0701100,0.9341611,9.4764848,0.0985768
static,8,1,0.0293553,2.2310802,22.6329243,0.0985768
static,8,1,0.0299346,2.1879051,22.1949404,0.0985768
static,8,1,0.0300314,2.1808487,22.1233571,0.0985768
static,8,1,0.0299141,2.1894037,22.2101424,0.0985768
static,8,1,0.0301879,2.1695455,22.0086929,0.0985768
static,8,1,0.0301935,2.1691440,22.0046198,0.0985768
static,8,1,0.0307634,2.1289552,21.5969294,0.0985768
static,8,1,0.0302996,2.1615432,21.9275150,0.0985768
static,8,1,0.0302196,2.1672722,21.9856316,0.0985768
static,8,1,0.0296049,2.2122703,22.4421094,0.0985768
static,8,1,0.0312757,2.0940875,21.2432188,0.0985768
static,8,1,0.0303425,2.1584913,21.8965553,0.0985768
static,8,8,0.0247397,2.6473290,26.8555102,0.0985768
static,8,8,0.0301264,2.1739720,22.0535975,0.0985768
static,8,8,0.0302438,2.1655370,21.9680290,0.0985768
static,8,8,0.0291262,2.2486298,22.8109539,0.0985768
static,8,8,0.0293422,2.2320716,22.6429814,0.0985768
static,8,8,0.0288840,2.2674807,23.0021852,0.0985768
static,8,8,0.0293832,2.2289587,22.6114033,0.0985768
static,8,8,0.0300352,2.1805782,22.1206131,0.0985768
static,8,8,0.0294726,2.2221970,22.5428102,0.0985768
static,8,8,0.0297967,2.1980261,22.2976112,0.0985768
static,8,8,0.0352692,1.8569751,18.8378604,0.0985768
static,8,8,0.0267755,2.4460399,24.8135573,0.0985768
static,8,64,0.0275467,2.3775660,24.1189321,0.0985768
static,8,64,0.0296198,2.2111573,22.4308192,0.0985768
static,8,64,0.0291150,2.2494929,22.8197100,0.0985768
static,8,64,0.0287313,2.2795347,23.1244659,0.0985768
static,8,64,0.0284128,2.3050887,23.3836952,0.0985768
static,8,64,0.0287071,2.2814575,23.1439714,0.0985768
static,8,64,0.0286121,2.2890322,23.2208116,0.0985768
static,8,64,0.0289436,2.2628112,22.9548160,0.0985768
static,8,64,0.0286456,2.2863530,23.1936333,0.0985768
static,8,64,0.0350103,1.8707078,18.9771700,0.0985768
static,8,64,0.0285804,2.2915683,23.2465385,0.0985768
static,8,64,0.0286214,2.2882874,23.2132557,0.0985768
static,8,256,0.0378247,1.7315125,17.5651197,0.0985768
static,8,256,0.0407342,1.6078387,16.3105257,0.0985768
static,8,256,0.0401605,1.6308067,16.5435224,0.0985768
static,8,256,0.0402927,1.6254541,16.4892237,0.0985768
static,8,256,0.0400152,1.6367278,16.6035883,0.0985768
static,8,256,0.0399798,1.6381766,16.6182858,0.0985768
static,8,256,0.0401828,1.6298996,16.5343201,0.0985768
static,8,256,0.0406578,1.6108587,16.3411621,0.0985768
static,8,256,0.0408571,1.6030008,16.2614491,0.0985768
static,8,256,0.0481345,1.3606464,13.8029133,0.0985768
static,8,256,0.0497568,1.3162813,13.3528577,0.0985768
static,8,256,0.0405703,1.6143347,16.3764238,0.0985768
static,8,512,0.0719149,0.9107157,9.2386461,0.0985768
static,8,512,0.0771414,0.8490118,8.6126980,0.0985768
static,8,512,0.0768229,0.8525318,8.6484067,0.0985768
static,8,512,0.0761375,0.8602071,8.7262669,0.0985768
static,8,512,0.0764225,0.8569993,8.6937261,0.0985768
static,8,512,0.0765845,0.8551859,8.6753304,0.0985768
static,8,512,0.0761729,0.8598074,8.7222127,0.0985768
static,8,512,0.0764448,0.8567487,8.6911841,0.0985768
static,8,512,0.0767000,0.8538983,8.6622684,0.0985768
static,8,512,0.0828654,0.7903665,8.0177775,0.0985768
static,8,512,0.0772253,0.8480903,8.6033499,0.0985768
static,8,512,0.0769328,0.8513140,8.6360527,0.0985768
static,16,1,0.0478700,1.3681643,13.8791785,0.0985768
static,16,1,0.0453684,1.4436024,14.6444507,0.0985768
static,16,1,0.0399090,1.6410820,16.6477591,0.0985768
static,16,1,0.0365693,1.7909552,18.1681295,0.0985768
static,16,1,0.0386722,1.6935663,17.1801795,0.0985768
static,16,1,0.0400022,1.6372613,16.6090001,0.0985768
static,16,1,0.0383016,1.7099559,17.3464420,0.0985768
static,16,1,0.0416227,1.5735176,15.9623595,0.0985768
static,16,1,0.0389367,1.6820620,17.0634752,0.0985768
static,16,1,0.0402108,1.6287671,16.5228315,0.0985768
static,16,1,0.0376850,1.7379312,17.6302336,0.0985768
static,16,1,0.0400264,1.6362708,16.5989523,0.0985768
static,16,8,0.0398383,1.6439977,16.6773371,0.0985768
static,16,8,0.0399314,1.6401634,16.6384405,0.0985768
static,16,8,0.0407975,1.6053428,16.2852069,0.0985768
static,16,8,0.0414029,1.5818708,16.0470976,0.0985768
static,16,8,0.0408888,1.6017595,16.2488560,0.0985768
static,16,8,0.0431482,1.5178858,15.3980093,0.0985768
static,16,8,0.0396017,1.6538180,16.7769572,0.0985768
static,16,8,0.0396445,1.6520308,16.7588276,0.0985768
static,16,8,0.0402238,1.6282391,16.5174756,0.0985768
static,16,8,0.0497643,1.3160843,13.3508585,0.0985768
static,16,8,0.0363868,1.7999398,18.2592724,0.0985768
static,16,8,0.0315402,2.0765265,21.0650733,0.0985768
static,16,64,0.0347290,1.8858581,19.1308601,0.0985768
static,16,64,0.0349283,1.8750972,19.0216983,0.0985768
static,16,64,0.0265855,2.4635202,24.9908839,0.0985768
static,16,64,0.0255462,2.5637494,26.0076476,0.0985768
static,16,64,0.0256933,2.5490665,25.8586985,0.0985768
static,16,64,0.0251960,2.5993808,26.3691052,0.0985768
static,16,64,0.0265688,2.4650746,25.0066522,0.0985768
static,16,64,0.0248384,2.6368072,26.7487729,0.0985768
static,16,64,0.0241902,2.7074631,27.4655337,0.0985768
static,16,64,0.0256859,2.5498059,25.8661992,0.0985768
static,16,64,0.0260379,2.5153318,25.5164809,0.0985768
static,16,64,0.0268798,2.4365480,24.7172674,0.0985768
static,16,256,0.0448991,1.4586942,14.7975477,0.0985768
static,16,256,0.0446476,1.4669096,14.8808880,0.0985768
static,16,256,0.0450648,1.4533282,14.7431134,0.0985768
static,16,256,0.0438895,1.4922473,15.1379233,0.0985768
static,16,256,0.0439547,1.4900340,15.1154711,0.0985768
static,16,256,0.0450239,1.4546510,14.7565318,0.0985768
static,16,256,0.0430010,1.5230799,15.4507011,0.0985768
static,16,256,0.0446718,1.4661145,14.8728219,0.0985768
static,16,256,0.0446513,1.4667872,14.8796465,0.0985768
static,16,256,0.0454187,1.4420039,14.6282352,0.0985768
static,16,256,0.0547897,1.1953705,12.1262922,0.0985768
static,16,256,0.0484977,1.3504560,13.6995386,0.0985768
static,16,512,0.0831150,0.7879930,7.9937001,0.0985768
static,16,512,0.0775177,0.8448909,8.5708938,0.0985768
static,16,512,0.0776146,0.8438365,8.5601979,0.0985768
static,16,512,0.0812653,0.8059278,8.1756375,0.0985768
static,16,512,0.0801291,0.8173557,8.2915662,0.0985768
static,16,512,0.0817217,0.8014273,8.1299833,0.0985768
static,16,512,0.0828188,0.7908109,8.0222856,0.0985768
static,16,512,0.0911634,0.7184240,7.2879653,0.0985768
static,16,512,0.0812951,0.8056323,8.1726403,0.0985768
static,16,512,0.0814497,0.8041032,8.1571278,0.0985768
static,16,512,0.0802595,0.8160278,8.2780962,0.0985768
static,16,512,0.0814218,0.8043791,8.1599269,0.0985768
static,32,1,0.0599604,1.0922874,11.0805780,0.0985768
static,32,1,0.0655837,0.9986317,10.1304995,0.0985768
static,32,1,0.8023307,0.0816297,0.8280825,0.0985768
static,32,1,0.0649039,1.0090924,10.2366161,0.0985768
static,32,1,0.1476258,0.4436487,4.5005411,0.0985768
static,32,1,0.0597220,1.0966480,11.1248132,0.0985768
static,32,1,0.0655465,0.9991993,10.1362571,0.0985768
static,32,1,0.0527464,1.2416775,12.5960480,0.0985768
static,32,1,0.0545029,1.2016617,12.1901127,0.0985768
static,32,1,0.0539683,1.2135647,12.3108610,0.0985768
static,32,1,0.0541192,1.2101815,12.2765406,0.0985768
static,32,1,0.0580996,1.1272706,11.4354606,0.0985768
static,32,8,0.0434853,1.5061177,15.2786296,0.0985768
static,32,8,0.0426099,1.5370617,15.5925374,0.0985768
static,32,8,0.0436343,1.5009743,15.2264529,0.0985768
static,32,8,0.0705086,0.9288800,9.4229114,0.0985768
static,32,8,0.0471547,1.3889170,14.0897016,0.0985768
static,32,8,0.0476204,1.3753353,13.9519239,0.0985768
static,32,8,0.0457969,1.4300982,14.5074587,0.0985768
static,32,8,0.0489354,1.3383764,13.5769978,0.0985768
static,32,8,0.0460763,1.4214263,14.4194885,0.0985768
static,32,8,0.0440609,1.4864436,15.0790483,0.0985768
static,32,8,0.0460092,1.4234980,14.4405039,0.0985768
static,32,8,0.0432990,1.5125967,15.3443554,0.0985768
static,32,64,0.0454877,1.4398192,14.6060721,0.0985768
static,32,64,0.0506919,1.2920016,13.1065547,0.0985768
static,32,64,0.0520311,1.2587465,12.7692019,0.0985768
static,32,64,0.0385866,1.6973269,17.2183282,0.0985768
static,32,64,0.0346825,1.8883901,19.1565460,0.0985768
static,32,64,0.0378937,1.7283633,17.5331737,0.0985768
static,32,64,0.0362676,1.8058561,18.3192895,0.0985768
static,32,64,0.0346322,1.8911323,19.1843644,0.0985768
static,32,64,0.0381283,1.7177246,17.4252509,0.0985768
static,32,64,0.0487380,1.3437982,13.6319990,0.0985768
static,32,64,0.0318959,2.0533651,20.8301148,0.0985768
static,32,64,0.0317749,2.0611890,20.9094839,0.0985768
static,32,256,0.0597294,1.0965112,11.1234255,0.0985768
static,32,256,0.0517424,1.2657700,12.8404509,0.0985768
static,32,256,0.0562109,1.1651476,11.8196993,0.0985768
static,32,256,0.0538640,1.2159148,12.3347011,0.0985768
static,32,256,0.0528246,1.2398386,12.5773937,0.0985768
static,32,256,0.0701211,0.9340122,9.4749744,0.0985768
static,32,256,0.0494700,1.3239137,13.4302830,0.0985768
static,32,256,0.0463706,1.4124050,14.3279729,0.0985768
static,32,256,0.0525918,1.2453276,12.6330755,0.0985768
static,32,256,0.0476204,1.3753353,13.9519239,0.0985768
static,32,256,0.0563692,1.1618750,11.7865012,0.0985768
static,32,256,0.0499859,1.3102483,13.2916562,0.0985768
static,32,512,0.0962056,0.6807710,6.9059997,0.0985768
static,32,512,0.0964291,0.6791930,6.8899920,0.0985768
static,32,512,0.0916589,0.7145405,7.2485701,0.0985768
static,32,512,0.0932217,0.7025620,7.1270558,0.0985768
static,32,512,0.0894554,0.7321414,7.4271204,0.0985768
static,32,512,0.0907388,0.7217864,7.3220751,0.0985768
static,32,512,0.0976305,0.6708351,6.8052063,0.0985768
static,32,512,0.0910796,0.7190851,7.2946723,0.0985768
static,32,512,0.0961758,0.6809820,6.9081397,0.0985768
static,32,512,0.0923909,0.7088791,7.1911392,0.0985768
static,32,512,0.0873264,0.7499909,7.6081924,0.0985768
static,32,512,0.0900216,0.7275362,7.3804032,0.0985768
dynamic,2,1,0.1163315,0.5629945,5.7112303,0.0985768
dynamic,2,1,0.1201052,0.5453052,5.5317828,0.0985768
dynamic,2,1,0.1191664,0.5496010,5.5753612,0.0985768
dynamic,2,1,0.1194049,0.5485036,5.5642288,0.0985768
dynamic,2,1,0.1212228,0.5402779,5.4807837,0.0985768
dynamic,2,1,0.1193974,0.5485378,5.5645760,0.0985768
dynamic,2,1,0.1189355,0.5506683,5.5861884,0.0985768
dynamic,2,1,0.1189969,0.5503839,5.5833029,0.0985768
dynamic,2,1,0.1187008,0.5517571,5.5972333,0.0985768
dynamic,2,1,0.1196805,0.5472402,5.5514122,0.0985768
dynamic,2,1,0.1240522,0.5279553,5.3557791,0.0985768
dynamic,2,1,0.1213960,0.5395069,5.4729629,0.0985768
dynamic,2,8,0.0817217,0.8014273,8.1299833,0.0985768
dynamic,2,8,0.0798628,0.8200817,8.3192202,0.0985768
dynamic,2,8,0.0792127,0.8268118,8.3874923,0.0985768
dynamic,2,8,0.0790637,0.8283700,8.4033003,0.0985768
dynamic,2,8,0.0787694,0.8314650,8.4346966,0.0985768
dynamic,2,8,0.0788122,0.8310130,8.4301117,0.0985768
dynamic,2,8,0.0846963,0.7732802,7.8444478,0.0985768
dynamic,2,8,0.0787415,0.8317600,8.4376895,0.0985768
dynamic,2,8,0.0791252,0.8277265,8.3967723,0.0985768
dynamic,2,8,0.0791699,0.8272592,8.3920310,0.0985768
dynamic,2,8,0.0788122,0.8310130,8.4301117,0.0985768
dynamic,2,8,0.0790469,0.8285457,8.4050824,0.0985768
dynamic,2,64,0.0781044,0.8385439,8.5065078,0.0985768
dynamic,2,64,0.0772290,0.8480494,8.6029349,0.0985768
dynamic,2,64,0.0764541,0.8566443,8.6901254,0.0985768
dynamic,2,64,0.0763256,0.8580868,8.7047584,0.0985768
dynamic,2,64,0.0759587,0.8622321,8.7468094,0.0985768
dynamic,2,64,0.0761617,0.8599336,8.7234925,0.0985768
dynamic,2,64,0.0760127,0.8616193,8.7405937,0.0985768
dynamic,2,64,0.0761431,0.8601439,8.7256265,0.0985768
dynamic,2,64,0.0770912,0.8495657,8.6183166,0.0985768
dynamic,2,64,0.0760835,0.8608178,8.7324623,0.0985768
dynamic,2,64,0.0760499,0.8611973,8.7363121,0.0985768
dynamic,2,64,0.0766851,0.8540642,8.6639516,0.0985768
dynamic,2,256,0.0835527,0.7838648,7.9518222,0.0985768
dynamic,2,256,0.0810437,0.8081320,8.1979978,0.0985768
dynamic,2,256,0.0805091,0.8134980,8.2524324,0.0985768
dynamic,2,256,0.0804439,0.8141573,8.2591203,0.0985768
dynamic,2,256,0.0803433,0.8151765,8.2694600,0.0985768
dynamic,2,256,0.0802726,0.8158953,8.2767516,0.0985768
dynamic,2,256,0.0804011,0.8145911,8.2635211,0.0985768
dynamic,2,256,0.0855513,0.7655524,7.7660546,0.0985768
dynamic,2,256,0.0903476,0.7249113,7.3537756,0.0985768
dynamic,2,256,0.0777636,0.8422195,8.5437947,0.0985768
dynamic,2,256,0.0778325,0.8414738,8.5362295,0.0985768
dynamic,2,256,0.0779405,0.8403074,8.5243974,0.0985768
dynamic,2,512,0.0828542,0.7904731,8.0188590,0.0985768
dynamic,2,512,0.0768621,0.8520980,8.6440055,0.0985768
dynamic,2,512,0.0766423,0.8545416,8.6687945,0.0985768
dynamic,2,512,0.1006722,0.6505666,6.5995946,0.0985768
dynamic,2,512,0.0790879,0.8281164,8.4007274,0.0985768
dynamic,2,512,0.0790004,0.8290341,8.4100367,0.0985768
dynamic,2,512,0.0789836,0.8292101,8.4118217,0.0985768
dynamic,2,512,0.0787564,0.8316027,8.4360931,0.0985768
dynamic,2,512,0.0787545,0.8316223,8.4362926,0.0985768
dynamic,2,512,0.0789333,0.8297384,8.4171812,0.0985768
dynamic,2,512,0.0789538,0.8295231,8.4149968,0.0985768
dynamic,2,512,0.0787936,0.8312095,8.4321045,0.0985768
dynamic,4,1,0.0863299,0.7586481,7.6960146,0.0985768
dynamic,4,1,0.0832994,0.7862486,7.9760043,0.0985768
dynamic,4,1,0.0830870,0.7882580,7.9963882,0.0985768
dynamic,4,1,0.0845697,0.7744383,7.8561964,0.0985768
dynamic,4,1,0.0839122,0.7805066,7.9177555,0.0985768
dynamic,4,1,0.0819489,0.7992050,8.1074390,0.0985768
dynamic,4,1,0.0832472,0.7867412,7.9810012,0.0985768
dynamic,4,1,0.0840519,0.7792094,7.9045958,0.0985768
dynamic,4,1,0.0818651,0.8000233,8.1157399,0.0985768
dynamic,4,1,0.0836160,0.7832711,7.9457995,0.0985768
dynamic,4,1,0.0826363,0.7925577,8.0400065,0.0985768
dynamic,4,1,0.0837203,0.7822952,7.9358998,0.0985768
dynamic,4,8,0.0446755,1.4659922,14.8715817,0.0985768
dynamic,4,8,0.0448208,1.4612402,14.8233756,0.0985768
dynamic,4,8,0.0441168,1.4845608,15.0599488,0.0985768
dynamic,4,8,0.0434164,1.5085085,15.3028824,0.0985768
dynamic,4,8,0.0430569,1.5211033,15.4306492,0.0985768
dynamic,4,8,0.0441093,1.4848116,15.0624926,0.0985768
dynamic,4,8,0.0435021,1.5055373,15.2727419,0.0985768
dynamic,4,8,0.0430420,1.5216299,15.4359913,0.0985768
dynamic,4,8,0.0435859,1.5026420,15.2433712,0.0985768
dynamic,4,8,0.0436585,1.5001418,15.2180079,0.0985768
dynamic,4,8,0.0433736,1.5099984,15.3179974,0.0985768
dynamic,4,8,0.0429582,1.5245989,15.4661096,0.0985768
dynamic,4,64,0.0444092,1.4747850,14.9607787,0.0985768
dynamic,4,64,0.0429042,1.5265183,15.4855816,0.0985768
dynamic,4,64,0.0417102,1.5702150,15.9288566,0.0985768
dynamic,4,64,0.0428706,1.5277122,15.4976923,0.0985768
dynamic,4,64,0.0431053,1.5193943,15.4133129,0.0985768
dynamic,4,64,0.0416916,1.5709165,15.9359731,0.0985768
dynamic,4,64,0.0423547,1.5463223,15.6864808,0.0985768
dynamic,4,64,0.0492278,1.3304258,13.4963444,0.0985768
dynamic,4,64,0.0419673,1.5605976,15.8312941,0.0985768
dynamic,4,64,0.0413582,1.5835806,16.0644427,0.0985768
dynamic,4,64,0.0424199,1.5439459,15.6623732,0.0985768
dynamic,4,64,0.0418779,1.5639293,15.8650930,0.0985768
dynamic,4,256,0.0476390,1.3747976,13.9464688,0.0985768
dynamic,4,256,0.0469889,1.3938171,14.1394096,0.0985768
dynamic,4,256,0.0467077,1.4022102,14.2245528,0.0985768
dynamic,4,256,0.0465792,1.4060792,14.2638016,0.0985768
dynamic,4,256,0.0465903,1.4057420,14.2603801,0.0985768
dynamic,4,256,0.0554919,1.1802438,11.9728412,0.0985768
dynamic,4,256,0.0522994,1.2522909,12.7037142,0.0985768
dynamic,4,256,0.0463985,1.4115545,14.3193451,0.0985768
dynamic,4,256,0.0465363,1.4073737,14.2769327,0.0985768
dynamic,4,256,0.0467487,1.4009811,14.2120841,0.0985768
dynamic,4,256,0.0465587,1.4066980,14.2700787,0.0985768
dynamic,4,256,0.0467636,1.4005347,14.2075554,0.0985768
dynamic,4,512,0.0796691,0.8220757,8.3394484,0.0985768
dynamic,4,512,0.0701137,0.9341115,9.4759813,0.0985768
dynamic,4,512,0.0712872,0.9187349,9.3199960,0.0985768
dynamic,4,512,0.0702646,0.9321057,9.4556341,0.0985768
dynamic,4,512,0.0702757,0.9319575,9.4541304,0.0985768
dynamic,4,512,0.0700206,0.9353539,9.4885850,0.0985768
dynamic,4,512,0.0699442,0.9363752,9.4989451,0.0985768
dynamic,4,512,0.0698995,0.9369740,9.5050200,0.0985768
dynamic,4,512,0.0697915,0.9384244,9.5197333,0.0985768
dynamic,4,512,0.0699908,0.9357522,9.4926253,0.0985768
dynamic,4,512,0.0700019,0.9356028,9.4911097,0.0985768
dynamic,4,512,0.0698827,0.9371988,9.5073001,0.0985768
dynamic,8,1,0.0706650,0.9268233,9.4020477,0.0985768
dynamic,8,1,0.0726525,0.9014696,9.1448503,0.0985768
dynamic,8,1,0.0714827,0.9162213,9.2944964,0.0985768
dynamic,8,1,0.0784378,0.8349795,8.4703495,0.0985768
dynamic,8,1,0.0710636,0.9216246,9.3493103,0.0985768
dynamic,8,1,0.0712220,0.9195759,9.3285270,0.0985768
dynamic,8,1,0.0709705,0.9228341,9.3615791,0.0985768
dynamic,8,1,0.0717379,0.9129621,9.2614345,0.0985768
dynamic,8,1,0.0707582,0.9256034,9.3896727,0.0985768
dynamic,8,1,0.0722259,0.9067935,9.1988572,0.0985768
dynamic,8,1,0.0706930,0.9264570,9.3983318,0.0985768
dynamic,8,1,0.0702012,0.9329466,9.4641643,0.0985768
dynamic,8,8,0.0268742,2.4370546,24.7224069,0.0985768
dynamic,8,8,0.0274535,2.3856316,24.2007522,0.0985768
dynamic,8,8,0.0271369,2.4134686,24.4831414,0.0985768
dynamic,8,8,0.0265669,2.4652474,25.0084054,0.0985768
dynamic,8,8,0.0284258,2.3040314,23.3729694,0.0985768
dynamic,8,8,0.0278298,2.3533782,23.8735618,0.0985768
dynamic,8,8,0.0265744,2.4645562,25.0013939,0.0985768
dynamic,8,8,0.0300258,2.1812546,22.1274743,0.0985768
dynamic,8,8,0.0264999,2.4714855,25.0716867,0.0985768
dynamic,8,8,0.0283234,2.3123651,23.4575093,0.0985768
dynamic,8,8,0.0270065,2.4251206,24.6013440,0.0985768
dynamic,8,8,0.0262950,2.4907433,25.2670459,0.0985768
dynamic,8,64,0.0275858,2.3741947,24.0847324,0.0985768
dynamic,8,64,0.0276249,2.3708330,24.0506295,0.0985768
dynamic,8,64,0.0287686,2.2765829,23.0945216,0.0985768
dynamic,8,64,0.0275411,2.3780484,24.1238257,0.0985768
dynamic,8,64,0.0283681,2.3087212,23.4205441,0.0985768
dynamic,8,64,0.0283234,2.3123651,23.4575093,0.0985768
dynamic,8,64,0.0273790,2.3921235,24.2666091,0.0985768
dynamic,8,64,0.0282377,2.3193815,23.5286864,0.0985768
dynamic,8,64,0.0274200,2.3885486,24.2303435,0.0985768
dynamic,8,64,0.0270046,2.4252879,24.6030409,0.0985768
dynamic,8,64,0.0270270,2.4232821,24.5826938,0.0985768
dynamic,8,64,0.0284016,2.3059958,23.3928965,0.0985768
dynamic,8,256,0.0383332,1.7085434,17.3321130,0.0985768
dynamic,8,256,0.0406746,1.6101948,16.3344272,0.0985768
dynamic,8,256,0.0415519,1.5761979,15.9895502,0.0985768
dynamic,8,256,0.0407398,1.6076181,16.3082885,0.0985768
dynamic,8,256,0.0405312,1.6158926,16.3922282,0.0985768
dynamic,8,256,0.0410043,1.5972483,16.2030929,0.0985768
dynamic,8,256,0.0403989,1.6211823,16.4458890,0.0985768
dynamic,8,256,0.0408422,1.6035857,16.2673821,0.0985768
dynamic,8,256,0.0406578,1.6108587,16.3411621,0.0985768
dynamic,8,256,0.0412781,1.5866533,16.0956133,0.0985768
dynamic,8,256,0.0404771,1.6180490,16.4141037,0.0985768
dynamic,8,256,0.0403859,1.6217057,16.4511985,0.0985768
dynamic,8,512,0.0726618,0.9013541,9.1436782,0.0985768
dynamic,8,512,0.0774059,0.8461107,8.5832684,0.0985768
dynamic,8,512,0.0757687,0.8643941,8.7687420,0.0985768
dynamic,8,512,0.0780076,0.8395851,8.5170699,0.0985768
dynamic,8,512,0.0767540,0.8532973,8.6561722,0.0985768
dynamic,8,512,0.0862088,0.7597136,7.7068229,0.0985768
dynamic,8,512,0.0754837,0.8676576,8.8018479,0.0985768
dynamic,8,512,0.0758786,0.8631422,8.7560421,0.0985768
dynamic,8,512,0.0762399,0.8590512,8.7145412,0.0985768
dynamic,8,512,0.0757370,0.8647555,8.7724081,0.0985768
dynamic,8,512,0.0767540,0.8532973,8.6561722,0.0985768
dynamic,8,512,0.0766441,0.8545208,8.6685838,0.0985768
dynamic,16,1,0.1171995,0.5588249,5.6689323,0.0985768
dynamic,16,1,0.1229197,0.5328195,5.4051231,0.0985768
dynamic,16,1,0.1219455,0.5370759,5.4483020,0.0985768
dynamic,16,1,0.1247823,0.5248660,5.3244400,0.0985768
dynamic,16,1,0.1020469,0.6418031,6.5106941,0.0985768
dynamic,16,1,0.0998769,0.6557473,6.6521491,0.0985768
dynamic,16,1,0.1033545,0.6336834,6.4283248,0.0985768
dynamic,16,1,0.1019537,0.6423894,6.5166415,0.0985768
dynamic,16,1,0.1027640,0.6373244,6.4652605,0.0985768
dynamic,16,1,0.0971239,0.6743345,6.8407051,0.0985768
dynamic,16,1,0.1006499,0.6507111,6.6010602,0.0985768
dynamic,16,1,0.0994317,0.6586831,6.6819319,0.0985768
dynamic,16,8,0.0381786,1.7154619,17.4022972,0.0985768
dynamic,16,8,0.0322554,2.0304801,20.5979608,0.0985768
dynamic,16,8,0.0314694,2.0811970,21.1124526,0.0985768
dynamic,16,8,0.0322275,2.0322404,20.6158182,0.0985768
dynamic,16,8,0.0352412,1.8584473,18.8527953,0.0985768
dynamic,16,8,0.0327621,1.9990803,20.2794296,0.0985768
dynamic,16,8,0.0354517,1.8474136,18.7408652,0.0985768
dynamic,16,8,0.0331420,1.9761605,20.0469222,0.0985768
dynamic,16,8,0.0343937,1.9042417,19.3173510,0.0985768
dynamic,16,8,0.0339355,1.9299535,19.5781814,0.0985768
dynamic,16,8,0.0325199,2.0139655,20.4304305,0.0985768
dynamic,16,8,0.0331048,1.9783843,20.0694810,0.0985768
dynamic,16,64,0.0243336,2.6915052,27.3036502,0.0985768
dynamic,16,64,0.0250060,2.6191302,26.5694515,0.0985768
dynamic,16,64,0.0225473,2.9047355,29.4667399,0.0985768
dynamic,16,64,0.0242814,2.6972862,27.3622957,0.0985768
dynamic,16,64,0.0225361,2.9061760,29.4813527,0.0985768
dynamic,16,64,0.0340268,1.9247769,19.5256671,0.0985768
dynamic,16,64,0.0232290,2.8194871,28.6019474,0.0985768
dynamic,16,64,0.0226758,2.8882720,29.2997278,0.0985768
dynamic,16,64,0.0248700,2.6334499,26.7147159,0.0985768
dynamic,16,64,0.0205431,3.1881244,32.3415438,0.0985768
dynamic,16,64,0.0208486,3.1414119,31.8676750,0.0985768
dynamic,16,64,0.0236761,2.7662516,28.0619059,0.0985768
dynamic,16,256,0.1358986,0.4819329,4.8889102,0.0985768
dynamic,16,256,0.0449251,1.4578475,14.7889584,0.0985768
dynamic,16,256,0.1085699,0.6032429,6.1195252,0.0985768
dynamic,16,256,0.0452269,1.4481209,14.6902881,0.0985768
dynamic,16,256,0.1067352,0.6136123,6.2247157,0.0985768
dynamic,16,256,0.0434853,1.5061177,15.2786296,0.0985768
dynamic,16,256,0.0506639,1.2927141,13.1137826,0.0985768
dynamic,16,256,0.0439808,1.4891506,15.1065088,0.0985768
dynamic,16,256,0.0446793,1.4658700,14.8703417,0.0985768
dynamic,16,256,0.0442918,1.4786923,15.0004158,0.0985768
dynamic,16,256,0.0621732,1.0534115,10.6862065,0.0985768
dynamic,16,256,0.0461992,1.4176440,14.3811187,0.0985768
dynamic,16,512,0.0804961,0.8136298,8.2537691,0.0985768
dynamic,16,512,0.0798237,0.8204836,8.3232968,0.0985768
dynamic,16,512,0.0812691,0.8058908,8.1752627,0.0985768
dynamic,16,512,0.0845529,0.7745919,7.8577540,0.0985768
dynamic,16,512,0.0791755,0.8272008,8.3914387,0.0985768
dynamic,16,512,0.1050048,0.6237241,6.3272943,0.0985768
dynamic,16,512,0.0814069,0.8045263,8.1614206,0.0985768
dynamic,16,512,0.0764132,0.8571037,8.6947856,0.0985768
dynamic,16,512,0.0787918,0.8312291,8.4323039,0.0985768
dynamic,16,512,0.0798684,0.8200243,8.3186382,0.0985768
dynamic,16,512,0.0803489,0.8151198,8.2688849,0.0985768
dynamic,16,512,0.0801310,0.8173367,8.2913735,0.0985768
dynamic,32,1,0.1593139,0.4111003,4.1703580,0.0985768
dynamic,32,1,0.1515765,0.4320855,4.3832396,0.0985768
dynamic,32,1,0.1585800,0.4130028,4.1896577,0.0985768
dynamic,32,1,0.1381673,0.4740196,4.8086345,0.0985768
dynamic,32,1,0.1277663,0.5126079,5.2000887,0.0985768
dynamic,32,1,0.1152605,0.5682260,5.7643000,0.0985768
dynamic,32,1,0.1153275,0.5678956,5.7609485,0.0985768
dynamic,32,1,0.1184493,0.5529284,5.6091157,0.0985768
dynamic,32,1,0.1199283,0.5461098,5.5399448,0.0985768
dynamic,32,1,0.1120158,0.5846856,5.9312728,0.0985768
dynamic,32,1,0.1277365,0.5127275,5.2013020,0.0985768
dynamic,32,1,0.1204181,0.5438881,5.5174076,0.0985768
dynamic,32,8,0.0520237,1.2589267,12.7710307,0.0985768
dynamic,32,8,0.0454113,1.4422405,14.6306352,0.0985768
dynamic,32,8,0.0446681,1.4662368,14.8740622,0.0985768
dynamic,32,8,0.0693761,0.9440429,9.5767300,0.0985768
dynamic,32,8,0.0437927,1.4955478,15.1714043,0.0985768
dynamic,32,8,0.0447407,1.4638561,14.8499120,0.0985768
dynamic,32,8,0.0427570,1.5317719,15.5388755,0.0985768
dynamic,32,8,0.0466108,1.4051240,14.2541115,0.0985768
dynamic,32,8,0.0450518,1.4537489,14.7473803,0.0985768
dynamic,32,8,0.0476390,1.3747976,13.9464688,0.0985768
dynamic,32,8,0.0425279,1.5400238,15.6225861,0.0985768
dynamic,32,8,0.0486281,1.3468351,13.6628064,0.0985768
dynamic,32,64,0.0487361,1.3438496,13.6325200,0.0985768
dynamic,32,64,0.0460390,1.4225765,14.4311561,0.0985768
dynamic,32,64,0.0444781,1.4724998,14.9375973,0.0985768
dynamic,32,64,0.0468250,1.3986962,14.1889051,0.0985768
dynamic,32,64,0.0522956,1.2523801,12.7046191,0.0985768
dynamic,32,64,0.0478178,1.3696566,13.8943162,0.0985768
dynamic,32,64,0.0327211,2.0015839,20.3048265,0.0985768
dynamic,32,64,0.0330992,1.9787183,20.0728692,0.0985768
dynamic,32,64,0.0320189,2.0454813,20.7501388,0.0985768
dynamic,32,64,0.0312012,2.0990880,21.2939458,0.0985768
dynamic,32,64,0.0360943,1.8145228,18.4072085,0.0985768
dynamic,32,64,0.0349246,1.8752973,19.0237273,0.0985768
dynamic,32,256,0.1219269,0.5371580,5.4491344,0.0985768
dynamic,32,256,0.0796542,0.8222295,8.3410085,0.0985768
dynamic,32,256,0.0573490,1.1420255,11.5851404,0.0985768
dynamic,32,256,0.0619907,1.0565134,10.7176733,0.0985768
dynamic,32,256,0.0555068,1.1799270,11.9696271,0.0985768
dynamic,32,256,0.0560246,1.1690213,11.8589962,0.0985768
dynamic,32,256,0.0552926,1.1844980,12.0159975,0.0985768
dynamic,32,256,0.0530370,1.2348747,12.5270382,0.0985768
dynamic,32,256,0.0527427,1.2417652,12.5969376,0.0985768
dynamic,32,256,0.0506621,1.2927616,13.1142647,0.0985768
dynamic,32,256,0.0517759,1.2649503,12.8321361,0.0985768
dynamic,32,256,0.0702590,0.9321798,9.4563862,0.0985768
dynamic,32,512,0.0854209,0.7667210,7.7779086,0.0985768
dynamic,32,512,0.0894982,0.7317910,7.4235652,0.0985768
dynamic,32,512,0.0936892,0.6990561,7.0914906,0.0985768
dynamic,32,512,0.0947136,0.6914949,7.0147867,0.0985768
dynamic,32,512,0.1010709,0.6480009,6.5735669,0.0985768
dynamic,32,512,0.0884347,0.7405919,7.5128457,0.0985768
dynamic,32,512,0.0908263,0.7210907,7.3150176,0.0985768
dynamic,32,512,0.0889730,0.7361112,7.4673914,0.0985768
dynamic,32,512,0.0878703,0.7453487,7.5610999,0.0985768
dynamic,32,512,0.0878666,0.7453803,7.5614204,0.0985768
dynamic,32,512,0.0936966,0.6990005,7.0909267,0.0985768
dynamic,32,512,0.0952538,0.6875735,6.9750071,0.0985768
guided,2,1,0.0735670,0.8902629,9.0311648,0.0985768
guided,2,1,0.0688359,0.9514510,9.6518802,0.0985768
guided,2,1,0.0687372,0.9528175,9.6657423,0.0985768
guided,2,1,0.0684001,0.9575138,9.7133840,0.0985768
guided,2,1,0.0684746,0.9564720,9.7028150,0.0985768
guided,2,1,0.0684150,0.9573053,9.7112683,0.0985768
guided,2,1,0.0685118,0.9559519,9.6975392,0.0985768
guided,2,1,0.0682678,0.9593687,9.7322007,0.0985768
guided,2,1,0.0730641,0.8963907,9.0933281,0.0985768
guided,2,1,0.0730678,0.8963450,9.0928644,0.0985768
guided,2,1,0.0729319,0.8980162,9.1098170,0.0985768
guided,2,1,0.0728462,0.8990724,9.1205320,0.0985768
guided,2,8,0.0764970,0.8561646,8.6852586,0.0985768
guided,2,8,0.0735261,0.8907591,9.0361982,0.0985768
guided,2,8,0.0734143,0.8921151,9.0499540,0.0985768
guided,2,8,0.0732783,0.8937705,9.0667468,0.0985768
guided,2,8,0.0729952,0.8972371,9.1019135,0.0985768
guided,2,8,0.0730474,0.8965965,9.0954149,0.0985768
guided,2,8,0.0730436,0.8966422,9.0958788,0.0985768
guided,2,8,0.0813548,0.8050421,8.1666526,0.0985768
guided,2,8,0.0729747,0.8974890,9.1044690,0.0985768
guided,2,8,0.0730138,0.8970082,9.0995915,0.0985768
guided,2,8,0.0729077,0.8983144,9.1128426,0.0985768
guided,2,8,0.0729915,0.8972829,9.1023780,0.0985768
guided,2,64,0.0770576,0.8499353,8.6220664,0.0985768
guided,2,64,0.0737719,0.8877903,9.0060821,0.0985768
guided,2,64,0.0731647,0.8951584,9.0808270,0.0985768
guided,2,64,0.0731200,0.8957057,9.0863788,0.0985768
guided,2,64,0.0730138,0.8970082,9.0995915,0.0985768
guided,2,64,0.0731368,0.8955004,9.0842961,0.0985768
guided,2,64,0.0726711,0.9012386,9.1425064,0.0985768
guided,2,64,0.0730772,0.8962308,9.0917056,0.0985768
guided,2,64,0.0728332,0.8992334,9.1221648,0.0985768
guided,2,64,0.0729728,0.8975119,9.1047014,0.0985768
guided,2,64,0.0793710,0.8251625,8.3707614,0.0985768
guided,2,64,0.0729971,0.8972142,9.1016812,0.0985768
guided,2,256,0.0960473,0.6818932,6.9173836,0.0985768
guided,2,256,0.0765342,0.8557479,8.6810311,0.0985768
guided,2,256,0.0757631,0.8644579,8.7693887,0.0985768
guided,2,256,0.0754856,0.8676362,8.8016307,0.0985768
guided,2,256,0.0753086,0.8696748,8.8223118,0.0985768
guided,2,256,0.0754353,0.8682146,8.8074986,0.0985768
guided,2,256,0.0756085,0.8662255,8.7873198,0.0985768
guided,2,256,0.0753962,0.8686650,8.8120679,0.0985768
guided,2,256,0.0755191,0.8672510,8.7977231,0.0985768
guided,2,256,0.0757035,0.8651385,8.7762932,0.0985768
guided,2,256,0.0755265,0.8671654,8.7968552,0.0985768
guided,2,256,0.0756010,0.8663108,8.7881858,0.0985768
guided,2,512,0.0757724,0.8643516,8.7683109,0.0985768
guided,2,512,0.0759065,0.8628245,8.7528192,0.0985768
guided,2,512,0.0809729,0.8088384,8.2051639,0.0985768
guided,2,512,0.0756290,0.8659908,8.7849392,0.0985768
guided,2,512,0.0754260,0.8683218,8.8085861,0.0985768
guided,2,512,0.0756197,0.8660974,8.7860211,0.0985768
guided,2,512,0.0754688,0.8678289,8.8035858,0.0985768
guided,2,512,0.0754185,0.8684076,8.8094563,0.0985768
guided,2,512,0.0755303,0.8671227,8.7964214,0.0985768
guided,2,512,0.0756383,0.8658841,8.7838575,0.0985768
guided,2,512,0.0754688,0.8678289,8.8035858,0.0985768
guided,2,512,0.0823140,0.7956604,8.0714810,0.0985768
guided,4,1,0.0426918,1.5341110,15.5626041,0.0985768
guided,4,1,0.0414997,1.5781788,16.0096448,0.0985768
guided,4,1,0.0411887,1.5900974,16.1305516,0.0985768
guided,4,1,0.0402946,1.6253790,16.4884614,0.0985768
guided,4,1,0.0410918,1.5938454,16.1685729,0.0985768
guided,4,1,0.0500176,1.3094188,13.2832416,0.0985768
guided,4,1,0.0413135,1.5852941,16.0818254,0.0985768
guided,4,1,0.0407808,1.6060027,16.2919013,0.0985768
guided,4,1,0.0410248,1.5964506,16.1950005,0.0985768
guided,4,1,0.0407007,1.6091631,16.3239617,0.0985768
guided,4,1,0.0409298,1.6001558,16.2325879,0.0985768
guided,4,1,0.0402704,1.6263563,16.4983759,0.0985768
guided,4,8,0.0417680,1.5680442,15.9068358,0.0985768
guided,4,8,0.0402946,1.6253790,16.4884614,0.0985768
guided,4,8,0.0397544,1.6474640,16.7125000,0.0985768
guided,4,8,0.0407025,1.6090895,16.3232146,0.0985768
guided,4,8,0.0412147,1.5890913,16.1203456,0.0985768
guided,4,8,0.0402424,1.6274855,16.5098304,0.0985768
guided,4,8,0.0408087,1.6049032,16.2807470,0.0985768
guided,4,8,0.0395551,1.6557649,16.7967078,0.0985768
guided,4,8,0.0403821,1.6218553,16.4527162,0.0985768
guided,4,8,0.0392776,1.6674645,16.9153927,0.0985768
guided,4,8,0.0397936,1.6458446,16.6960722,0.0985768
guided,4,8,0.0405125,1.6166356,16.3997649,0.0985768
guided,4,64,0.0420846,1.5562461,15.7871509,0.0985768
guided,4,64,0.0558272,1.1731557,11.9009371,0.0985768
guided,4,64,0.0408031,1.6051230,16.2829766,0.0985768
guided,4,64,0.0417214,1.5697943,15.9245898,0.0985768
guided,4,64,0.0411179,1.5928346,16.1583188,0.0985768
guided,4,64,0.0412147,1.5890913,16.1203456,0.0985768
guided,4,64,0.0415016,1.5781080,16.0089263,0.0985768
guided,4,64,0.0411216,1.5926903,16.1568549,0.0985768
guided,4,64,0.0407584,1.6068834,16.3008357,0.0985768
guided,4,64,0.0415146,1.5776123,16.0038984,0.0985768
guided,4,64,0.0412334,1.5883735,16.1130635,0.0985768
guided,4,64,0.0412297,1.5885170,16.1145194,0.0985768
guided,4,256,0.0461750,1.4183874,14.3886602,0.0985768
guided,4,256,0.0469331,1.3954766,14.1562443,0.0985768
guided,4,256,0.0465605,1.4066417,14.2695078,0.0985768
guided,4,256,0.0458341,1.4289358,14.4956673,0.0985768
guided,4,256,0.0464004,1.4114979,14.3187703,0.0985768
guided,4,256,0.0459235,1.4261539,14.4674462,0.0985768
guided,4,256,0.0456646,1.4342398,14.5494733,0.0985768
guided,4,256,0.0456106,1.4359384,14.5667042,0.0985768
guided,4,256,0.0453256,1.4449669,14.6582924,0.0985768
guided,4,256,0.0454113,1.4422405,14.6306352,0.0985768
guided,4,256,0.0453647,1.4437209,14.6456533,0.0985768
guided,4,256,0.0452884,1.4461554,14.6703499,0.0985768
guided,4,512,0.0709593,0.9229794,9.3630535,0.0985768
guided,4,512,0.0704844,0.9291991,9.4261485,0.0985768
guided,4,512,0.0702199,0.9326991,9.4616538,0.0985768
guided,4,512,0.0710133,0.9222773,9.3559314,0.0985768
guided,4,512,0.0795592,0.8232113,8.3509678,0.0985768
guided,4,512,0.0709463,0.9231490,9.3647743,0.0985768
guided,4,512,0.0710972,0.9211900,9.3449014,0.0985768
guided,4,512,0.0708345,0.9246055,9.3795495,0.0985768
guided,4,512,0.0701807,0.9332189,9.4669273,0.0985768
guided,4,512,0.0703707,0.9306994,9.4413681,0.0985768
guided,4,512,0.0700168,0.9354037,9.4890898,0.0985768
guided,4,512,0.0708681,0.9241681,9.3751120,0.0985768
guided,8,1,0.0365116,1.7937875,18.1968619,0.0985768
guided,8,1,0.0286326,2.2873942,23.2041951,0.0985768
guided,8,1,0.0294149,2.2265592,22.5870622,0.0985768
guided,8,1,0.0289753,2.2603384,22.9297304,0.0985768
guided,8,1,0.0284780,2.2998119,23.3301646,0.0985768
guided,8,1,0.0285394,2.2948586,23.2799169,0.0985768
guided,8,1,0.0284854,2.2992103,23.3240624,0.0985768
guided,8,1,0.0288207,2.2724632,23.0527297,0.0985768
guided,8,1,0.0280254,2.3369549,23.7069578,0.0985768
guided,8,1,0.0286903,2.2827906,23.1574944,0.0985768
guided,8,1,0.0290107,2.2575810,22.9017584,0.0985768
guided,8,1,0.0283420,2.3108454,23.4420930,0.0985768
guided,8,8,0.0253301,2.5856183,26.2294938,0.0985768
guided,8,8,0.0254977,2.5686189,26.0570448,0.0985768
guided,8,8,0.0253394,2.5846680,26.2198535,0.0985768
guided,8,8,0.0253785,2.5806843,26.1794412,0.0985768
guided,8,8,0.0251066,2.6086374,26.4630081,0.0985768
guided,8,8,0.0262596,2.4941001,25.3010985,0.0985768
guided,8,8,0.0259224,2.5265376,25.6301564,0.0985768
guided,8,8,0.0257287,2.5455602,25.8231294,0.0985768
guided,8,8,0.0253469,2.5839083,26.2121463,0.0985768
guided,8,8,0.0255350,2.5648715,26.0190303,0.0985768
guided,8,8,0.0258647,2.5321780,25.6873748,0.0985768
guided,8,8,0.0261683,2.5027990,25.3893435,0.0985768
guided,8,64,0.0257473,2.5437187,25.8044481,0.0985768
guided,8,64,0.0263304,2.4873956,25.2330848,0.0985768
guided,8,64,0.0264253,2.4784538,25.1423759,0.0985768
guided,8,64,0.0269748,2.4279674,24.6302228,0.0985768
guided,8,64,0.0264924,2.4721805,25.0787377,0.0985768
guided,8,64,0.0264570,2.4754874,25.1122843,0.0985768
guided,8,64,0.0263173,2.4886279,25.2455861,0.0985768
guided,8,64,0.0264533,2.4758360,25.1158208,0.0985768
guided,8,64,0.0266656,2.4561207,24.9158205,0.0985768
guided,8,64,0.0261795,2.5017306,25.3785049,0.0985768
guided,8,64,0.0269972,2.4259572,24.6098307,0.0985768
guided,8,64,0.0272933,2.3996331,24.3427889,0.0985768
guided,8,256,0.0396091,1.6535069,16.7738014,0.0985768
guided,8,256,0.0412688,1.5870114,16.0992456,0.0985768
guided,8,256,0.0406578,1.6108587,16.3411621,0.0985768
guided,8,256,0.0416301,1.5732360,15.9595027,0.0985768
guided,8,256,0.0415500,1.5762686,15.9902670,0.0985768
guided,8,256,0.0509005,1.2867063,13.0528374,0.0985768
guided,8,256,0.0408068,1.6049764,16.2814902,0.0985768
guided,8,256,0.0406541,1.6110063,16.3426595,0.0985768
guided,8,256,0.0407416,1.6075446,16.3075429,0.0985768
guided,8,256,0.0402518,1.6271089,16.5060105,0.0985768
guided,8,256,0.0406038,1.6130017,16.3629013,0.0985768
guided,8,256,0.0405349,1.6157441,16.3907217,0.0985768
guided,8,512,0.0746418,0.8774443,8.9011276,0.0985768
guided,8,512,0.0776239,0.8437353,8.5591709,0.0985768
guided,8,512,0.0772141,0.8482130,8.6045951,0.0985768
guided,8,512,0.0764336,0.8568740,8.6924549,0.0985768
guided,8,512,0.0766832,0.8540850,8.6641620,0.0985768
guided,8,512,0.0761636,0.8599125,8.7232792,0.0985768
guided,8,512,0.0762064,0.8594291,8.7183752,0.0985768
guided,8,512,0.0827555,0.7914160,8.0284248,0.0985768
guided,8,512,0.0757892,0.8641604,8.7663714,0.0985768
guided,8,512,0.0759345,0.8625070,8.7495986,0.0985768
guided,8,512,0.0762772,0.8586316,8.7102851,0.0985768
guided,8,512,0.0764970,0.8561646,8.6852586,0.0985768
guided,16,1,0.0441112,1.4847489,15.0618565,0.0985768
guided,16,1,0.0413079,1.5855086,16.0840008,0.0985768
guided,16,1,0.0392981,1.6665951,16.9065734,0.0985768
guided,16,1,0.0414159,1.5813728,16.0420457,0.0985768
guided,16,1,0.0408366,1.6038051,16.2696080,0.0985768
guided,16,1,0.0396371,1.6523413,16.7619777,0.0985768
guided,16,1,0.0683200,0.9586364,9.7247713,0.0985768
guided,16,1,0.0542831,1.2065272,12.2394704,0.0985768
guided,16,1,0.0454318,1.4415901,14.6240370,0.0985768
guided,16,1,0.0366736,1.7858613,18.1164552,0.0985768
guided,16,1,0.0387523,1.6900660,17.1446713,0.0985768
guided,16,1,0.0393894,1.6627334,16.8673990,0.0985768
guided,16,8,0.0383798,1.7064704,17.3110840,0.0985768
guided,16,8,0.0540745,1.2111820,12.2866896,0.0985768
guided,16,8,0.0301767,2.1703490,22.0168438,0.0985768
guided,16,8,0.0369214,1.7738787,17.9948989,0.0985768
guided,16,8,0.0312999,2.0924675,21.2267845,0.0985768
guided,16,8,0.0309758,2.1143610,21.4488807,0.0985768
guided,16,8,0.0307057,2.1329587,21.6375424,0.0985768
guided,16,8,0.0302140,2.1676730,21.9896977,0.0985768
guided,16,8,0.0318326,2.0574502,20.8715557,0.0985768
guided,16,8,0.0292994,2.2353353,22.6760894,0.0985768
guided,16,8,0.0316277,2.0707788,21.0067660,0.0985768
guided,16,8,0.0335779,1.9505089,19.7867025,0.0985768
guided,16,64,0.0437051,1.4985434,15.2017937,0.0985768
guided,16,64,0.0428557,1.5282434,15.5030809,0.0985768
guided,16,64,0.0411049,1.5933398,16.1634442,0.0985768
guided,16,64,0.0321548,2.0368316,20.6623928,0.0985768
guided,16,64,0.0240356,2.7248778,27.6421952,0.0985768
guided,16,64,0.0421107,1.5552824,15.7773747,0.0985768
guided,16,64,0.0270139,2.4244517,24.5945588,0.0985768
guided,16,64,0.0221264,2.9599986,30.0273496,0.0985768
guided,16,64,0.0246856,2.6531218,26.9142750,0.0985768
guided,16,64,0.0220668,2.9679939,30.1084567,0.0985768
guided,16,64,0.0229720,2.8510357,28.9219887,0.0985768
guided,16,64,0.0243876,2.6855437,27.2431747,0.0985768
guided,16,256,0.1123045,0.5831825,5.9160249,0.0985768
guided,16,256,0.0521839,1.2550622,12.7318278,0.0985768
guided,16,256,0.0458322,1.4289939,14.4962565,0.0985768
guided,16,256,0.0437163,1.4981604,15.1979074,0.0985768
guided,16,256,0.0454299,1.4416492,14.6246366,0.0985768
guided,16,256,0.0425652,1.5386760,15.6089133,0.0985768
guided,16,256,0.0466164,1.4049556,14.2524029,0.0985768
guided,16,256,0.0438113,1.4949119,15.1649541,0.0985768
guided,16,256,0.0450276,1.4545306,14.7553109,0.0985768
guided,16,256,0.0458006,1.4299818,14.5062787,0.0985768
guided,16,256,0.0665747,0.9837677,9.9797126,0.0985768
guided,16,256,0.0433121,1.5121414,15.3397362,0.0985768
guided,16,512,0.0806246,0.8123328,8.2406119,0.0985768
guided,16,512,0.2336632,0.2802923,2.8433911,0.0985768
guided,16,512,0.0791606,0.8273565,8.3930183,0.0985768
guided,16,512,0.1966730,0.3330097,3.3781764,0.0985768
guided,16,512,0.0802837,0.8157817,8.2755994,0.0985768
guided,16,512,0.0878330,0.7456648,7.5643068,0.0985768
guided,16,512,0.0807978,0.8105912,8.2229445,0.0985768
guided,16,512,0.0798404,0.8203113,8.3215492,0.0985768
guided,16,512,0.0897311,0.7298921,7.4043029,0.0985768
guided,16,512,0.0790507,0.8285067,8.4046863,0.0985768
guided,16,512,0.0870451,0.7524143,7.6327760,0.0985768
guided,16,512,0.0805855,0.8127271,8.2446118,0.0985768
guided,32,1,0.1131110,0.5790242,5.8738413,0.0985768
guided,32,1,0.0855364,0.7656858,7.7674075,0.0985768
guided,32,1,0.0881851,0.7426881,7.5341096,0.0985768
guided,32,1,0.0861529,0.7602063,7.7118216,0.0985768
guided,32,1,0.0888351,0.7372533,7.4789778,0.0985768
guided,32,1,0.0833813,0.7854758,7.9681646,0.0985768
guided,32,1,0.0802558,0.8160657,8.2784804,0.0985768
guided,32,1,0.0857580,0.7637068,7.7473314,0.0985768
guided,32,1,0.0803359,0.8152521,8.2702269,0.0985768
guided,32,1,0.0819396,0.7992958,8.1083605,0.0985768
guided,32,1,0.0893008,0.7334089,7.4399784,0.0985768
guided,32,1,0.1717340,0.3813688,3.8687501,0.0985768
guided,32,8,0.0937190,0.6988338,7.0892355,0.0985768
guided,32,8,0.0894405,0.7322634,7.4283578,0.0985768
guided,32,8,0.0600349,1.0909318,11.0668265,0.0985768
guided,32,8,0.0576172,1.1367091,11.5312089,0.0985768
guided,32,8,0.0668280,0.9800386,9.9418832,0.0985768
guided,32,8,0.0538956,1.2152004,12.3274542,0.0985768
guided,32,8,0.0576396,1.1362683,11.5267373,0.0985768
guided,32,8,0.0584815,1.1199103,11.3607952,0.0985768
guided,32,8,0.0570435,1.1481412,11.6471800,0.0985768
guided,32,8,0.0597667,1.0958277,11.1164922,0.0985768
guided,32,8,0.0641644,1.0207218,10.3545891,0.0985768
guided,32,8,0.0602640,1.0867844,11.0247539,0.0985768
guided,32,64,0.0518095,1.2641317,12.8238320,0.0985768
guided,32,64,0.0542141,1.2080610,12.2550294,0.0985768
guided,32,64,0.0476874,1.3734014,13.9323055,0.0985768
guided,32,64,0.0554901,1.1802834,11.9732431,0.0985768
guided,32,64,0.0487752,1.3427718,13.6215874,0.0985768
guided,32,64,0.0514798,1.2722275,12.9059587,0.0985768
guided,32,64,0.0546835,1.1976914,12.1498360,0.0985768
guided,32,64,0.0336748,1.9448987,19.7297907,0.0985768
guided,32,64,0.0353865,1.8508171,18.7753914,0.0985768
guided,32,64,0.0379812,1.7243796,17.4927608,0.0985768
guided,32,64,0.0362583,1.8063199,18.3239950,0.0985768
guided,32,64,0.0395179,1.6573258,16.8125418,0.0985768
guided,32,256,0.1333896,0.4909978,4.9808678,0.0985768
guided,32,256,0.0531767,1.2316307,12.4941289,0.0985768
guided,32,256,0.0684671,0.9565761,9.7038709,0.0985768
guided,32,256,0.0611898,1.0703426,10.8579613,0.0985768
guided,32,256,0.0576414,1.1362316,11.5263648,0.0985768
guided,32,256,0.0535902,1.2221273,12.3977229,0.0985768
guided,32,256,0.0532866,1.2290906,12.4683615,0.0985768
guided,32,256,0.0595357,1.1000790,11.1596185,0.0985768
guided,32,256,0.0528321,1.2396638,12.5756200,0.0985768
guided,32,256,0.0563040,1.1632203,11.8001484,0.0985768
guided,32,256,0.0531599,1.2320190,12.4980689,0.0985768
guided,32,256,0.0550412,1.1899094,12.0708929,0.0985768
guided,32,512,0.2215877,0.2955669,2.9983431,0.0985768
guided,32,512,0.1176111,0.5568690,5.6490907,0.0985768
guided,32,512,0.0938997,0.6974892,7.0755948,0.0985768
guided,32,512,0.0895970,0.7309846,7.4153858,0.0985768
guided,32,512,0.0918582,0.7129902,7.2328430,0.0985768
guided,32,512,0.0909008,0.7204996,7.3090219,0.0985768
guided,32,512,0.0906903,0.7221718,7.3259851,0.0985768
guided,32,512,0.0910126,0.7196149,7.3000468,0.0985768
guided,32,512,0.0985842,0.6643457,6.7393747,0.0985768
guided,32,512,0.0958797,0.6830854,6.9294781,0.0985768
guided,32,512,0.0869837,0.7529460,7.6381697,0.0985768
guided,32,512,0.0890903,0.7351416,7.4575556,0.0985768
